Flow 1_1 -- 0 -- 68000.0 -- [(306, 1), (1, 20001), (2, 40001), (3, 60001), (137, 129)]
Flow 1_2 -- 0.0 -- 68000.0 -- [(306, 41), (1, 45001), (2, 65001), (3, 85001), (137, 169)]
Flow 1_3 -- 0.0 -- 68000.0 -- [(306, 81), (1, 70001), (2, 90001), (3, 110001), (137, 209)]
Flow 1_4 -- 0.0 -- 68000.0 -- [(306, 121), (1, 95001), (2, 115001), (3, 135001), (137, 249)]
Flow 1_5 -- 0.0 -- 68000.0 -- [(306, 161), (1, 120001), (2, 140001), (3, 160001), (137, 289)]
Flow 1_6 -- 0.0 -- 68000.0 -- [(306, 201), (1, 145001), (2, 165001), (3, 185001), (137, 329)]
Flow 1_7 -- 0.0 -- 68000.0 -- [(306, 241), (1, 170001), (2, 190001), (3, 210001), (137, 369)]
Flow 1_8 -- 0.0 -- 68000.0 -- [(306, 281), (1, 195001), (2, 215001), (3, 235001), (137, 409)]
Flow 1_9 -- 0.0 -- 68000.0 -- [(306, 321), (1, 220001), (2, 240001), (3, 260001), (137, 449)]
Flow 1_10 -- 0.0 -- 68000.0 -- [(306, 361), (1, 245001), (2, 265001), (3, 285001), (137, 489)]
Flow 1_11 -- 0.0 -- 68000.0 -- [(306, 401), (1, 270001), (2, 290001), (3, 310001), (137, 529)]
Flow 1_12 -- 0.0 -- 68000.0 -- [(306, 441), (1, 295001), (2, 315001), (3, 335001), (137, 569)]
Flow 1_13 -- 0.0 -- 68000.0 -- [(306, 481), (1, 320001), (2, 340001), (3, 360001), (137, 609)]
Flow 1_14 -- 0.0 -- 68000.0 -- [(306, 521), (1, 345001), (2, 365001), (3, 385001), (137, 649)]
Flow 1_15 -- 0.0 -- 68000.0 -- [(306, 561), (1, 370001), (2, 390001), (3, 410001), (137, 689)]
Flow 1_16 -- 0.0 -- 68000.0 -- [(306, 601), (1, 395001), (2, 415001), (3, 435001), (137, 729)]
Flow 1_17 -- 0.0 -- 68000.0 -- [(306, 641), (1, 420001), (2, 440001), (3, 460001), (137, 769)]
Flow 1_18 -- 0.0 -- 68000.0 -- [(306, 681), (1, 445001), (2, 465001), (3, 485001), (137, 809)]
Flow 1_19 -- 0.0 -- 68000.0 -- [(306, 721), (1, 470001), (2, 490001), (3, 510001), (137, 849)]
Flow 1_20 -- 0.0 -- 68000.0 -- [(306, 761), (1, 495001), (2, 515001), (3, 535001), (137, 889)]
Flow 1_21 -- 0.0 -- 68000.0 -- [(306, 801), (1, 520001), (2, 540001), (3, 560001), (137, 929)]
Flow 1_22 -- 0.0 -- 68000.0 -- [(306, 841), (1, 545001), (2, 565001), (3, 585001), (137, 969)]
Flow 1_23 -- 0.0 -- 68000.0 -- [(306, 881), (1, 570001), (2, 590001), (3, 610001), (137, 1009)]
Flow 1_24 -- 0.0 -- 68000.0 -- [(306, 921), (1, 595001), (2, 615001), (3, 635001), (137, 1049)]
Flow 1_25 -- 0.0 -- 68000.0 -- [(306, 961), (1, 620001), (2, 640001), (3, 660001), (137, 1089)]
Flow 1_26 -- 0.0 -- 68000.0 -- [(306, 1001), (1, 645001), (2, 665001), (3, 685001), (137, 1129)]
Flow 1_27 -- 0.0 -- 68000.0 -- [(306, 1041), (1, 670001), (2, 690001), (3, 710001), (137, 1169)]
Flow 1_28 -- 0.0 -- 68000.0 -- [(306, 1081), (1, 695001), (2, 715001), (3, 735001), (137, 1209)]
Flow 1_29 -- 0.0 -- 68000.0 -- [(306, 1121), (1, 720001), (2, 740001), (3, 760001), (137, 1249)]
Flow 1_30 -- 0.0 -- 68000.0 -- [(306, 1161), (1, 745001), (2, 765001), (3, 785001), (137, 1289)]
Flow 1_31 -- 0.0 -- 68000.0 -- [(306, 1201), (1, 770001), (2, 790001), (3, 810001), (137, 1329)]
Flow 1_32 -- 0.0 -- 68000.0 -- [(306, 1241), (1, 795001), (2, 815001), (3, 835001), (137, 1369)]
Flow 1_33 -- 0.0 -- 68000.0 -- [(306, 1281), (1, 820001), (2, 840001), (3, 860001), (137, 1409)]
Flow 1_34 -- 0.0 -- 68000.0 -- [(306, 1321), (1, 845001), (2, 865001), (3, 885001), (137, 1449)]
Flow 1_35 -- 0.0 -- 68000.0 -- [(306, 1361), (1, 870001), (2, 890001), (3, 910001), (137, 1489)]
Flow 1_36 -- 0.0 -- 68000.0 -- [(306, 1401), (1, 895001), (2, 915001), (3, 935001), (137, 1529)]
Flow 1_37 -- 0.0 -- 68000.0 -- [(306, 1441), (1, 920001), (2, 940001), (3, 960001), (137, 1569)]
Flow 1_38 -- 0.0 -- 68000.0 -- [(306, 1481), (1, 945001), (2, 965001), (3, 985001), (137, 1609)]
Flow 1_39 -- 0.0 -- 68000.0 -- [(306, 1521), (1, 970001), (2, 990001), (3, 1010001), (137, 1649)]
Flow 1_40 -- 0.0 -- 68000.0 -- [(306, 1561), (1, 995001), (2, 1015001), (3, 1035001), (137, 1689)]
Flow 1_41 -- 0.0 -- 68000.0 -- [(306, 1601), (1, 1020001), (2, 1040001), (3, 1060001), (137, 1729)]
Flow 1_42 -- 0.0 -- 68000.0 -- [(306, 1641), (1, 1045001), (2, 1065001), (3, 1085001), (137, 1769)]
Flow 1_43 -- 0.0 -- 68000.0 -- [(306, 1681), (1, 1070001), (2, 1090001), (3, 1110001), (137, 1809)]
Flow 1_44 -- 0.0 -- 68000.0 -- [(306, 1721), (1, 1095001), (2, 1115001), (3, 1135001), (137, 1849)]
Flow 1_45 -- 0.0 -- 68000.0 -- [(306, 1761), (1, 1120001), (2, 1140001), (3, 1160001), (137, 1889)]
Flow 1_46 -- 0.0 -- 68000.0 -- [(306, 1801), (1, 1145001), (2, 1165001), (3, 1185001), (137, 1929)]
Flow 1_47 -- 0.0 -- 68000.0 -- [(306, 1841), (1, 1170001), (2, 1190001), (3, 1210001), (137, 1969)]
Flow 1_48 -- 0.0 -- 68000.0 -- [(306, 1881), (1, 1195001), (2, 1215001), (3, 1235001), (137, 2009)]
Flow 1_49 -- 0.0 -- 68000.0 -- [(306, 1921), (1, 1220001), (2, 1240001), (3, 1260001), (137, 2049)]
Flow 1_50 -- 0.0 -- 68000.0 -- [(306, 1961), (1, 1245001), (2, 1265001), (3, 1285001), (137, 2089)]
Flow 1_51 -- 0.0 -- 68000.0 -- [(306, 2001), (1, 1270001), (2, 1290001), (3, 1310001), (137, 2129)]
Flow 1_52 -- 0.0 -- 68000.0 -- [(306, 2041), (1, 1295001), (2, 1315001), (3, 1335001), (137, 2169)]
Flow 1_53 -- 0.0 -- 68000.0 -- [(306, 2081), (1, 1320001), (2, 1340001), (3, 1360001), (137, 2209)]
Flow 1_54 -- 0.0 -- 68000.0 -- [(306, 2121), (1, 1345001), (2, 1365001), (3, 1385001), (137, 2249)]
Flow 1_55 -- 0.0 -- 68000.0 -- [(306, 2161), (1, 1370001), (2, 1390001), (3, 1410001), (137, 2289)]
Flow 1_56 -- 0.0 -- 68000.0 -- [(306, 2201), (1, 1395001), (2, 1415001), (3, 1435001), (137, 2329)]
Flow 1_57 -- 0.0 -- 68000.0 -- [(306, 2241), (1, 1420001), (2, 1440001), (3, 1460001), (137, 2369)]
Flow 1_58 -- 0.0 -- 68000.0 -- [(306, 2281), (1, 1445001), (2, 1465001), (3, 1485001), (137, 2409)]
Flow 1_59 -- 0.0 -- 68000.0 -- [(306, 2321), (1, 1470001), (2, 1490001), (3, 1510001), (137, 2449)]
Flow 1_60 -- 0.0 -- 68000.0 -- [(306, 2361), (1, 1495001), (2, 1515001), (3, 1535001), (137, 2489)]
Flow 1_61 -- 0.0 -- 68000.0 -- [(306, 2401), (1, 1520001), (2, 1540001), (3, 1560001), (137, 2529)]
Flow 1_62 -- 0.0 -- 68000.0 -- [(306, 2441), (1, 1545001), (2, 1565001), (3, 1585001), (137, 2569)]
Flow 1_63 -- 0.0 -- 68000.0 -- [(306, 2481), (1, 1570001), (2, 1590001), (3, 1610001), (137, 2609)]
Flow 1_64 -- 0.0 -- 68000.0 -- [(306, 2521), (1, 1595001), (2, 1615001), (3, 1635001), (137, 2649)]
Flow 1_65 -- 0.0 -- 68000.0 -- [(306, 2561), (1, 1620001), (2, 1640001), (3, 1660001), (137, 2689)]
Flow 1_66 -- 0.0 -- 68000.0 -- [(306, 2601), (1, 1645001), (2, 1665001), (3, 1685001), (137, 2729)]
Flow 1_67 -- 0.0 -- 68000.0 -- [(306, 2641), (1, 1670001), (2, 1690001), (3, 1710001), (137, 2769)]
Flow 1_68 -- 0.0 -- 68000.0 -- [(306, 2681), (1, 1695001), (2, 1715001), (3, 1735001), (137, 2809)]
Flow 1_69 -- 0.0 -- 68000.0 -- [(306, 2721), (1, 1720001), (2, 1740001), (3, 1760001), (137, 2849)]
Flow 1_70 -- 0.0 -- 68000.0 -- [(306, 2761), (1, 1745001), (2, 1765001), (3, 1785001), (137, 2889)]
Flow 1_71 -- 0.0 -- 68000.0 -- [(306, 2801), (1, 1770001), (2, 1790001), (3, 1810001), (137, 2929)]
Flow 1_72 -- 0.0 -- 68000.0 -- [(306, 2841), (1, 1795001), (2, 1815001), (3, 1835001), (137, 2969)]
Flow 1_73 -- 0.0 -- 68000.0 -- [(306, 2881), (1, 1820001), (2, 1840001), (3, 1860001), (137, 3009)]
Flow 1_74 -- 0.0 -- 68000.0 -- [(306, 2921), (1, 1845001), (2, 1865001), (3, 1885001), (137, 3049)]
Flow 1_75 -- 0.0 -- 68000.0 -- [(306, 2961), (1, 1870001), (2, 1890001), (3, 1910001), (137, 3089)]
Flow 1_76 -- 0.0 -- 68000.0 -- [(306, 3001), (1, 1895001), (2, 1915001), (3, 1935001), (137, 3129)]
Flow 1_77 -- 0.0 -- 68000.0 -- [(306, 3041), (1, 1920001), (2, 1940001), (3, 1960001), (137, 3169)]
Flow 1_78 -- 0.0 -- 68000.0 -- [(306, 3081), (1, 1945001), (2, 1965001), (3, 1985001), (137, 3209)]
Flow 1_79 -- 0.0 -- 68000.0 -- [(306, 3121), (1, 1970001), (2, 1990001), (3, 2010001), (137, 3249)]
Flow 1_80 -- 0.0 -- 68000.0 -- [(306, 3161), (1, 1995001), (2, 2015001), (3, 2035001), (137, 3289)]
Flow 1_81 -- 0.0 -- 68000.0 -- [(306, 3201), (1, 2020001), (2, 2040001), (3, 2060001), (137, 3329)]
Flow 1_82 -- 0.0 -- 68000.0 -- [(306, 3241), (1, 2045001), (2, 2065001), (3, 2085001), (137, 3369)]
Flow 1_83 -- 0.0 -- 68000.0 -- [(306, 3281), (1, 2070001), (2, 2090001), (3, 2110001), (137, 3409)]
Flow 1_84 -- 0.0 -- 68000.0 -- [(306, 3321), (1, 2095001), (2, 2115001), (3, 2135001), (137, 3449)]
Flow 1_85 -- 0.0 -- 68000.0 -- [(306, 3361), (1, 2120001), (2, 2140001), (3, 2160001), (137, 3489)]
Flow 1_86 -- 0.0 -- 68000.0 -- [(306, 3401), (1, 2145001), (2, 2165001), (3, 2185001), (137, 3529)]
Flow 1_87 -- 0.0 -- 68000.0 -- [(306, 3441), (1, 2170001), (2, 2190001), (3, 2210001), (137, 3569)]
Flow 1_88 -- 0.0 -- 68000.0 -- [(306, 3481), (1, 2195001), (2, 2215001), (3, 2235001), (137, 3609)]
Flow 1_89 -- 0.0 -- 68000.0 -- [(306, 3521), (1, 2220001), (2, 2240001), (3, 2260001), (137, 3649)]
Flow 1_90 -- 0.0 -- 68000.0 -- [(306, 3561), (1, 2245001), (2, 2265001), (3, 2285001), (137, 3689)]
Flow 1_91 -- 0.0 -- 68000.0 -- [(306, 3601), (1, 2270001), (2, 2290001), (3, 2310001), (137, 3729)]
Flow 1_92 -- 0.0 -- 68000.0 -- [(306, 3641), (1, 2295001), (2, 2315001), (3, 2335001), (137, 3769)]
Flow 1_93 -- 0.0 -- 68000.0 -- [(306, 3681), (1, 2320001), (2, 2340001), (3, 2360001), (137, 3809)]
Flow 1_94 -- 0.0 -- 68000.0 -- [(306, 3721), (1, 2345001), (2, 2365001), (3, 2385001), (137, 3849)]
Flow 1_95 -- 0.0 -- 68000.0 -- [(306, 3761), (1, 2370001), (2, 2390001), (3, 2410001), (137, 3889)]
Flow 1_96 -- 0.0 -- 68000.0 -- [(306, 3801), (1, 2395001), (2, 2415001), (3, 2435001), (137, 3929)]
Flow 1_97 -- 0.0 -- 68000.0 -- [(306, 3841), (1, 2420001), (2, 2440001), (3, 2460001), (137, 3969)]
Flow 1_98 -- 0.0 -- 68000.0 -- [(306, 3881), (1, 2445001), (2, 2465001), (3, 2485001), (137, 4009)]
Flow 1_99 -- 0.0 -- 68000.0 -- [(306, 3921), (1, 2470001), (2, 2490001), (3, 2510001), (137, 4049)]
Flow 1_100 -- 0.0 -- 68000.0 -- [(306, 3961), (1, 2495001), (2, 2515001), (3, 2535001), (137, 4089)]
Flow 1_101 -- 0.0 -- 68000.0 -- [(306, 4001), (1, 2520001), (2, 2540001), (3, 2560001), (137, 4129)]
Flow 1_102 -- 0.0 -- 68000.0 -- [(306, 4041), (1, 2545001), (2, 2565001), (3, 2585001), (137, 4169)]
Flow 1_103 -- 0.0 -- 68000.0 -- [(306, 4081), (1, 2570001), (2, 2590001), (3, 2610001), (137, 4209)]
Flow 1_104 -- 0.0 -- 68000.0 -- [(306, 4121), (1, 2595001), (2, 2615001), (3, 2635001), (137, 4249)]
Flow 1_105 -- 0.0 -- 68000.0 -- [(306, 4161), (1, 2620001), (2, 2640001), (3, 2660001), (137, 4289)]
Flow 1_106 -- 0.0 -- 68000.0 -- [(306, 4201), (1, 2645001), (2, 2665001), (3, 2685001), (137, 4329)]
Flow 1_107 -- 0.0 -- 68000.0 -- [(306, 4241), (1, 2670001), (2, 2690001), (3, 2710001), (137, 4369)]
Flow 1_108 -- 0.0 -- 68000.0 -- [(306, 4281), (1, 2695001), (2, 2715001), (3, 2735001), (137, 4409)]
Flow 1_109 -- 0.0 -- 68000.0 -- [(306, 4321), (1, 2720001), (2, 2740001), (3, 2760001), (137, 4449)]
Flow 1_110 -- 0.0 -- 68000.0 -- [(306, 4361), (1, 2745001), (2, 2765001), (3, 2785001), (137, 4489)]
Flow 1_111 -- 0.0 -- 68000.0 -- [(306, 4401), (1, 2770001), (2, 2790001), (3, 2810001), (137, 4529)]
Flow 1_112 -- 0.0 -- 68000.0 -- [(306, 4441), (1, 2795001), (2, 2815001), (3, 2835001), (137, 4569)]
Flow 1_113 -- 0.0 -- 68000.0 -- [(306, 4481), (1, 2820001), (2, 2840001), (3, 2860001), (137, 4609)]
Flow 1_114 -- 0.0 -- 68000.0 -- [(306, 4521), (1, 2845001), (2, 2865001), (3, 2885001), (137, 4649)]
Flow 1_115 -- 0.0 -- 68000.0 -- [(306, 4561), (1, 2870001), (2, 2890001), (3, 2910001), (137, 4689)]
Flow 1_116 -- 0.0 -- 68000.0 -- [(306, 4601), (1, 2895001), (2, 2915001), (3, 2935001), (137, 4729)]
Flow 1_117 -- 0.0 -- 68000.0 -- [(306, 4641), (1, 2920001), (2, 2940001), (3, 2960001), (137, 4769)]
Flow 1_118 -- 0.0 -- 68000.0 -- [(306, 4681), (1, 2945001), (2, 2965001), (3, 2985001), (137, 4809)]
Flow 1_119 -- 0.0 -- 68000.0 -- [(306, 4721), (1, 2970001), (2, 2990001), (3, 3010001), (137, 4849)]
Flow 1_120 -- 0.0 -- 68000.0 -- [(306, 4761), (1, 2995001), (2, 3015001), (3, 3035001), (137, 4889)]
Flow 1_121 -- 0.0 -- 68000.0 -- [(306, 4801), (1, 3020001), (2, 3040001), (3, 3060001), (137, 4929)]
Flow 1_122 -- 0.0 -- 68000.0 -- [(306, 4841), (1, 3045001), (2, 3065001), (3, 3085001), (137, 4969)]
Flow 1_123 -- 0.0 -- 68000.0 -- [(306, 4881), (1, 3070001), (2, 3090001), (3, 3110001), (137, 5009)]
Flow 1_124 -- 0.0 -- 68000.0 -- [(306, 4921), (1, 3095001), (2, 3115001), (3, 3135001), (137, 5049)]
Flow 1_125 -- 0.0 -- 68000.0 -- [(306, 4961), (1, 3120001), (2, 3140001), (3, 3160001), (137, 5089)]
Flow 1_126 -- 0.0 -- 68000.0 -- [(306, 5001), (1, 3145001), (2, 3165001), (3, 3185001), (137, 5129)]
Flow 1_127 -- 0.0 -- 68000.0 -- [(306, 5041), (1, 3170001), (2, 3190001), (3, 3210001), (137, 5169)]
Flow 1_128 -- 0.0 -- 68000.0 -- [(306, 5081), (1, 3195001), (2, 3215001), (3, 3235001), (137, 5209)]
Flow 1_129 -- 0.0 -- 68000.0 -- [(306, 5121), (1, 3220001), (2, 3240001), (3, 3260001), (137, 5249)]
Flow 1_130 -- 0.0 -- 68000.0 -- [(306, 5161), (1, 3245001), (2, 3265001), (3, 3285001), (137, 5289)]
Flow 1_131 -- 0.0 -- 68000.0 -- [(306, 5201), (1, 3270001), (2, 3290001), (3, 3310001), (137, 5329)]
Flow 1_132 -- 0.0 -- 68000.0 -- [(306, 5241), (1, 3295001), (2, 3315001), (3, 3335001), (137, 5369)]
Flow 1_133 -- 0.0 -- 68000.0 -- [(306, 5281), (1, 3320001), (2, 3340001), (3, 3360001), (137, 5409)]
Flow 1_134 -- 0.0 -- 68000.0 -- [(306, 5321), (1, 3345001), (2, 3365001), (3, 3385001), (137, 5449)]
Flow 1_135 -- 0.0 -- 68000.0 -- [(306, 5361), (1, 3370001), (2, 3390001), (3, 3410001), (137, 5489)]
Flow 1_136 -- 0.0 -- 68000.0 -- [(306, 5401), (1, 3395001), (2, 3415001), (3, 3435001), (137, 5529)]
Flow 1_137 -- 0.0 -- 68000.0 -- [(306, 5441), (1, 3420001), (2, 3440001), (3, 3460001), (137, 5569)]
Flow 1_138 -- 0.0 -- 68000.0 -- [(306, 5481), (1, 3445001), (2, 3465001), (3, 3485001), (137, 5609)]
Flow 1_139 -- 0.0 -- 68000.0 -- [(306, 5521), (1, 3470001), (2, 3490001), (3, 3510001), (137, 5649)]
Flow 1_140 -- 0.0 -- 68000.0 -- [(306, 5561), (1, 3495001), (2, 3515001), (3, 3535001), (137, 5689)]
Flow 1_141 -- 0.0 -- 68000.0 -- [(306, 5601), (1, 3520001), (2, 3540001), (3, 3560001), (137, 5729)]
Flow 1_142 -- 0.0 -- 68000.0 -- [(306, 5641), (1, 3545001), (2, 3565001), (3, 3585001), (137, 5769)]
Flow 1_143 -- 0.0 -- 68000.0 -- [(306, 5681), (1, 3570001), (2, 3590001), (3, 3610001), (137, 5809)]
Flow 1_144 -- 0.0 -- 68000.0 -- [(306, 5721), (1, 3595001), (2, 3615001), (3, 3635001), (137, 5849)]
Flow 1_145 -- 0.0 -- 68000.0 -- [(306, 5761), (1, 3620001), (2, 3640001), (3, 3660001), (137, 5889)]
Flow 1_146 -- 0.0 -- 68000.0 -- [(306, 5801), (1, 3645001), (2, 3665001), (3, 3685001), (137, 5929)]
Flow 1_147 -- 0.0 -- 68000.0 -- [(306, 5841), (1, 3670001), (2, 3690001), (3, 3710001), (137, 5969)]
Flow 1_148 -- 0.0 -- 68000.0 -- [(306, 5881), (1, 3695001), (2, 3715001), (3, 3735001), (137, 6009)]
Flow 1_149 -- 0.0 -- 68000.0 -- [(306, 5921), (1, 3720001), (2, 3740001), (3, 3760001), (137, 6049)]
Flow 1_150 -- 0.0 -- 68000.0 -- [(306, 5961), (1, 3745001), (2, 3765001), (3, 3785001), (137, 6089)]
Flow 1_151 -- 0.0 -- 68000.0 -- [(306, 6001), (1, 3770001), (2, 3790001), (3, 3810001), (137, 6129)]
Flow 1_152 -- 0.0 -- 68000.0 -- [(306, 6041), (1, 3795001), (2, 3815001), (3, 3835001), (137, 6169)]
Flow 1_153 -- 0.0 -- 68000.0 -- [(306, 6081), (1, 3820001), (2, 3840001), (3, 3860001), (137, 6209)]
Flow 1_154 -- 0.0 -- 68000.0 -- [(306, 6121), (1, 3845001), (2, 3865001), (3, 3885001), (137, 6249)]
Flow 1_155 -- 0.0 -- 68000.0 -- [(306, 6161), (1, 3870001), (2, 3890001), (3, 3910001), (137, 6289)]
Flow 1_156 -- 0.0 -- 68000.0 -- [(306, 6201), (1, 3895001), (2, 3915001), (3, 3935001), (137, 6329)]
Flow 1_157 -- 0.0 -- 68000.0 -- [(306, 6241), (1, 3920001), (2, 3940001), (3, 3960001), (137, 6369)]
Flow 1_158 -- 0.0 -- 68000.0 -- [(306, 6281), (1, 3945001), (2, 3965001), (3, 3985001), (137, 6409)]
Flow 1_159 -- 0.0 -- 68000.0 -- [(306, 6321), (1, 3970001), (2, 3990001), (3, 4010001), (137, 6449)]
Flow 1_160 -- 0.0 -- 68000.0 -- [(306, 6361), (1, 3995001), (2, 4015001), (3, 4035001), (137, 6489)]
Flow 1_161 -- 0.0 -- 68000.0 -- [(306, 6401), (1, 4020001), (2, 4040001), (3, 4060001), (137, 6529)]
Flow 1_162 -- 0.0 -- 68000.0 -- [(306, 6441), (1, 4045001), (2, 4065001), (3, 4085001), (137, 6569)]
Flow 1_163 -- 0.0 -- 68000.0 -- [(306, 6481), (1, 4070001), (2, 4090001), (3, 4110001), (137, 6609)]
Flow 1_164 -- 0.0 -- 68000.0 -- [(306, 6521), (1, 4095001), (2, 4115001), (3, 4135001), (137, 6649)]
Flow 1_165 -- 0.0 -- 68000.0 -- [(306, 6561), (1, 4120001), (2, 4140001), (3, 4160001), (137, 6689)]
Flow 1_166 -- 0.0 -- 68000.0 -- [(306, 6601), (1, 4145001), (2, 4165001), (3, 4185001), (137, 6729)]
Flow 1_167 -- 0.0 -- 68000.0 -- [(306, 6641), (1, 4170001), (2, 4190001), (3, 4210001), (137, 6769)]
Flow 1_168 -- 0.0 -- 68000.0 -- [(306, 6681), (1, 4195001), (2, 4215001), (3, 4235001), (137, 6809)]
Flow 1_169 -- 0.0 -- 68000.0 -- [(306, 6721), (1, 4220001), (2, 4240001), (3, 4260001), (137, 6849)]
Flow 1_170 -- 0.0 -- 68000.0 -- [(306, 6761), (1, 4245001), (2, 4265001), (3, 4285001), (137, 6889)]
Flow 1_171 -- 0.0 -- 68000.0 -- [(306, 6801), (1, 4270001), (2, 4290001), (3, 4310001), (137, 6929)]
Flow 1_172 -- 0.0 -- 68000.0 -- [(306, 6841), (1, 4295001), (2, 4315001), (3, 4335001), (137, 6969)]
Flow 1_173 -- 0.0 -- 68000.0 -- [(306, 6881), (1, 4320001), (2, 4340001), (3, 4360001), (137, 7009)]
Flow 1_174 -- 0.0 -- 68000.0 -- [(306, 6921), (1, 4345001), (2, 4365001), (3, 4385001), (137, 7049)]
Flow 1_175 -- 0.0 -- 68000.0 -- [(306, 6961), (1, 4370001), (2, 4390001), (3, 4410001), (137, 7089)]
Flow 1_176 -- 0.0 -- 68000.0 -- [(306, 7001), (1, 4395001), (2, 4415001), (3, 4435001), (137, 7129)]
Flow 1_177 -- 0.0 -- 68000.0 -- [(306, 7041), (1, 4420001), (2, 4440001), (3, 4460001), (137, 7169)]
Flow 1_178 -- 0.0 -- 68000.0 -- [(306, 7081), (1, 4445001), (2, 4465001), (3, 4485001), (137, 7209)]
Flow 1_179 -- 0.0 -- 68000.0 -- [(306, 7121), (1, 4470001), (2, 4490001), (3, 4510001), (137, 7249)]
Flow 1_180 -- 0.0 -- 68000.0 -- [(306, 7161), (1, 4495001), (2, 4515001), (3, 4535001), (137, 7289)]
Flow 1_181 -- 0.0 -- 68000.0 -- [(306, 7201), (1, 4520001), (2, 4540001), (3, 4560001), (137, 7329)]
Flow 1_182 -- 0.0 -- 68000.0 -- [(306, 7241), (1, 4545001), (2, 4565001), (3, 4585001), (137, 7369)]
Flow 1_183 -- 0.0 -- 68000.0 -- [(306, 7281), (1, 4570001), (2, 4590001), (3, 4610001), (137, 7409)]
Flow 1_184 -- 0.0 -- 68000.0 -- [(306, 7321), (1, 4595001), (2, 4615001), (3, 4635001), (137, 7449)]
Flow 1_185 -- 0.0 -- 68000.0 -- [(306, 7361), (1, 4620001), (2, 4640001), (3, 4660001), (137, 7489)]
Flow 1_186 -- 0.0 -- 68000.0 -- [(306, 7401), (1, 4645001), (2, 4665001), (3, 4685001), (137, 7529)]
Flow 1_187 -- 0.0 -- 68000.0 -- [(306, 7441), (1, 4670001), (2, 4690001), (3, 4710001), (137, 7569)]
Flow 1_188 -- 0.0 -- 68000.0 -- [(306, 7481), (1, 4695001), (2, 4715001), (3, 4735001), (137, 7609)]
Flow 1_189 -- 0.0 -- 68000.0 -- [(306, 7521), (1, 4720001), (2, 4740001), (3, 4760001), (137, 7649)]
Flow 1_190 -- 0.0 -- 68000.0 -- [(306, 7561), (1, 4745001), (2, 4765001), (3, 4785001), (137, 7689)]
Flow 1_191 -- 0.0 -- 68000.0 -- [(306, 7601), (1, 4770001), (2, 4790001), (3, 4810001), (137, 7729)]
Flow 1_192 -- 0.0 -- 68000.0 -- [(306, 7641), (1, 4795001), (2, 4815001), (3, 4835001), (137, 7769)]
Flow 1_193 -- 0.0 -- 68000.0 -- [(306, 7681), (1, 4820001), (2, 4840001), (3, 4860001), (137, 7809)]
Flow 1_194 -- 0.0 -- 68000.0 -- [(306, 7721), (1, 4845001), (2, 4865001), (3, 4885001), (137, 7849)]
Flow 1_195 -- 0.0 -- 68000.0 -- [(306, 7761), (1, 4870001), (2, 4890001), (3, 4910001), (137, 7889)]
Flow 1_196 -- 0.0 -- 68000.0 -- [(306, 7801), (1, 4895001), (2, 4915001), (3, 4935001), (137, 7929)]
Flow 1_197 -- 0.0 -- 68000.0 -- [(306, 7841), (1, 4920001), (2, 4940001), (3, 4960001), (137, 7969)]
Flow 1_198 -- 0.0 -- 68000.0 -- [(306, 7881), (1, 4945001), (2, 4965001), (3, 4985001), (137, 8009)]
Flow 1_199 -- 0.0 -- 68000.0 -- [(306, 7921), (1, 4970001), (2, 4990001), (3, 5010001), (137, 8049)]
Flow 1_200 -- 0.0 -- 68000.0 -- [(306, 7961), (1, 4995001), (2, 5015001), (3, 5035001), (137, 8089)]
Flow 1_201 -- 0.0 -- 68000.0 -- [(306, 8001), (1, 5020001), (2, 5040001), (3, 5060001), (137, 8129)]
Flow 1_202 -- 0.0 -- 68000.0 -- [(306, 8041), (1, 5045001), (2, 5065001), (3, 5085001), (137, 8169)]
Flow 1_203 -- 0.0 -- 68000.0 -- [(306, 8081), (1, 5070001), (2, 5090001), (3, 5110001), (137, 8209)]
Flow 1_204 -- 0.0 -- 68000.0 -- [(306, 8121), (1, 5095001), (2, 5115001), (3, 5135001), (137, 8249)]
Flow 1_205 -- 0.0 -- 68000.0 -- [(306, 8161), (1, 5120001), (2, 5140001), (3, 5160001), (137, 8289)]
Flow 1_206 -- 0.0 -- 68000.0 -- [(306, 8201), (1, 5145001), (2, 5165001), (3, 5185001), (137, 8329)]
Flow 1_207 -- 0.0 -- 68000.0 -- [(306, 8241), (1, 5170001), (2, 5190001), (3, 5210001), (137, 8369)]
Flow 1_208 -- 0.0 -- 68000.0 -- [(306, 8281), (1, 5195001), (2, 5215001), (3, 5235001), (137, 8409)]
Flow 1_209 -- 0.0 -- 68000.0 -- [(306, 8321), (1, 5220001), (2, 5240001), (3, 5260001), (137, 8449)]
Flow 1_210 -- 0.0 -- 68000.0 -- [(306, 8361), (1, 5245001), (2, 5265001), (3, 5285001), (137, 8489)]
Flow 1_211 -- 0.0 -- 68000.0 -- [(306, 8401), (1, 5270001), (2, 5290001), (3, 5310001), (137, 8529)]
Flow 1_212 -- 0.0 -- 68000.0 -- [(306, 8441), (1, 5295001), (2, 5315001), (3, 5335001), (137, 8569)]
Flow 1_213 -- 0.0 -- 68000.0 -- [(306, 8481), (1, 5320001), (2, 5340001), (3, 5360001), (137, 8609)]
Flow 1_214 -- 0.0 -- 68000.0 -- [(306, 8521), (1, 5345001), (2, 5365001), (3, 5385001), (137, 8649)]
Flow 1_215 -- 0.0 -- 68000.0 -- [(306, 8561), (1, 5370001), (2, 5390001), (3, 5410001), (137, 8689)]
Flow 1_216 -- 0.0 -- 68000.0 -- [(306, 8601), (1, 5395001), (2, 5415001), (3, 5435001), (137, 8729)]
Flow 1_217 -- 0.0 -- 68000.0 -- [(306, 8641), (1, 5420001), (2, 5440001), (3, 5460001), (137, 8769)]
Flow 1_218 -- 0.0 -- 68000.0 -- [(306, 8681), (1, 5445001), (2, 5465001), (3, 5485001), (137, 8809)]
Flow 1_219 -- 0.0 -- 68000.0 -- [(306, 8721), (1, 5470001), (2, 5490001), (3, 5510001), (137, 8849)]
Flow 1_220 -- 0.0 -- 68000.0 -- [(306, 8761), (1, 5495001), (2, 5515001), (3, 5535001), (137, 8889)]
Flow 1_221 -- 0.0 -- 68000.0 -- [(306, 8801), (1, 5520001), (2, 5540001), (3, 5560001), (137, 8929)]
Flow 1_222 -- 0.0 -- 68000.0 -- [(306, 8841), (1, 5545001), (2, 5565001), (3, 5585001), (137, 8969)]
Flow 1_223 -- 0.0 -- 68000.0 -- [(306, 8881), (1, 5570001), (2, 5590001), (3, 5610001), (137, 9009)]
Flow 1_224 -- 0.0 -- 68000.0 -- [(306, 8921), (1, 5595001), (2, 5615001), (3, 5635001), (137, 9049)]
Flow 1_225 -- 0.0 -- 68000.0 -- [(306, 8961), (1, 5620001), (2, 5640001), (3, 5660001), (137, 9089)]
Flow 1_226 -- 0.0 -- 68000.0 -- [(306, 9001), (1, 5645001), (2, 5665001), (3, 5685001), (137, 9129)]
Flow 1_227 -- 0.0 -- 68000.0 -- [(306, 9041), (1, 5670001), (2, 5690001), (3, 5710001), (137, 9169)]
Flow 1_228 -- 0.0 -- 68000.0 -- [(306, 9081), (1, 5695001), (2, 5715001), (3, 5735001), (137, 9209)]
Flow 1_229 -- 0.0 -- 68000.0 -- [(306, 9121), (1, 5720001), (2, 5740001), (3, 5760001), (137, 9249)]
Flow 1_230 -- 0.0 -- 68000.0 -- [(306, 9161), (1, 5745001), (2, 5765001), (3, 5785001), (137, 9289)]
Flow 1_231 -- 0.0 -- 68000.0 -- [(306, 9201), (1, 5770001), (2, 5790001), (3, 5810001), (137, 9329)]
Flow 1_232 -- 0.0 -- 68000.0 -- [(306, 9241), (1, 5795001), (2, 5815001), (3, 5835001), (137, 9369)]
Flow 1_233 -- 0.0 -- 68000.0 -- [(306, 9281), (1, 5820001), (2, 5840001), (3, 5860001), (137, 9409)]
Flow 1_234 -- 0.0 -- 68000.0 -- [(306, 9321), (1, 5845001), (2, 5865001), (3, 5885001), (137, 9449)]
Flow 1_235 -- 0.0 -- 68000.0 -- [(306, 9361), (1, 5870001), (2, 5890001), (3, 5910001), (137, 9489)]
Flow 1_236 -- 0.0 -- 68000.0 -- [(306, 9401), (1, 5895001), (2, 5915001), (3, 5935001), (137, 9529)]
Flow 1_237 -- 0.0 -- 68000.0 -- [(306, 9441), (1, 5920001), (2, 5940001), (3, 5960001), (137, 9569)]
Flow 1_238 -- 0.0 -- 68000.0 -- [(306, 9481), (1, 5945001), (2, 5965001), (3, 5985001), (137, 9609)]
Flow 1_239 -- 0.0 -- 68000.0 -- [(306, 9521), (1, 5970001), (2, 5990001), (3, 6010001), (137, 9649)]
Flow 1_240 -- 0.0 -- 68000.0 -- [(306, 9561), (1, 5995001), (2, 6015001), (3, 6035001), (137, 9689)]
Flow 1_241 -- 0.0 -- 68000.0 -- [(306, 9601), (1, 6020001), (2, 6040001), (3, 6060001), (137, 9729)]
Flow 1_242 -- 0.0 -- 68000.0 -- [(306, 9641), (1, 6045001), (2, 6065001), (3, 6085001), (137, 9769)]
Flow 1_243 -- 0.0 -- 68000.0 -- [(306, 9681), (1, 6070001), (2, 6090001), (3, 6110001), (137, 9809)]
Flow 1_244 -- 0.0 -- 68000.0 -- [(306, 9721), (1, 6095001), (2, 6115001), (3, 6135001), (137, 9849)]
Flow 1_245 -- 0.0 -- 68000.0 -- [(306, 9761), (1, 6120001), (2, 6140001), (3, 6160001), (137, 9889)]
Flow 1_246 -- 0.0 -- 68000.0 -- [(306, 9801), (1, 6145001), (2, 6165001), (3, 6185001), (137, 9929)]
Flow 1_247 -- 0.0 -- 68000.0 -- [(306, 9841), (1, 6170001), (2, 6190001), (3, 6210001), (137, 9969)]
Flow 1_248 -- 0.0 -- 68000.0 -- [(306, 9881), (1, 6195001), (2, 6215001), (3, 6235001), (137, 10009)]
Flow 1_249 -- 0.0 -- 68000.0 -- [(306, 9921), (1, 6220001), (2, 6240001), (3, 6260001), (137, 10049)]
Flow 1_250 -- 0.0 -- 68000.0 -- [(306, 9961), (1, 6245001), (2, 6265001), (3, 6285001), (137, 10089)]
Flow 1_251 -- 0.0 -- 68000.0 -- [(306, 10001), (1, 6270001), (2, 6290001), (3, 6310001), (137, 10129)]
Flow 1_252 -- 0.0 -- 68000.0 -- [(306, 10041), (1, 6295001), (2, 6315001), (3, 6335001), (137, 10169)]
Flow 1_253 -- 0.0 -- 68000.0 -- [(306, 10081), (1, 6320001), (2, 6340001), (3, 6360001), (137, 10209)]
Flow 1_254 -- 0.0 -- 68000.0 -- [(306, 10121), (1, 6345001), (2, 6365001), (3, 6385001), (137, 10249)]
Flow 1_255 -- 0.0 -- 68000.0 -- [(306, 10161), (1, 6370001), (2, 6390001), (3, 6410001), (137, 10289)]
Flow 1_256 -- 0.0 -- 68000.0 -- [(306, 10201), (1, 6395001), (2, 6415001), (3, 6435001), (137, 10329)]
Flow 1_257 -- 0.0 -- 68000.0 -- [(306, 10241), (1, 6420001), (2, 6440001), (3, 6460001), (137, 10369)]
Flow 1_258 -- 0.0 -- 68000.0 -- [(306, 10281), (1, 6445001), (2, 6465001), (3, 6485001), (137, 10409)]
Flow 1_259 -- 0.0 -- 68000.0 -- [(306, 10321), (1, 6470001), (2, 6490001), (3, 6510001), (137, 10449)]
Flow 1_260 -- 0.0 -- 68000.0 -- [(306, 10361), (1, 6495001), (2, 6515001), (3, 6535001), (137, 10489)]
Flow 1_261 -- 0.0 -- 68000.0 -- [(306, 10401), (1, 6520001), (2, 6540001), (3, 6560001), (137, 10529)]
Flow 1_262 -- 0.0 -- 68000.0 -- [(306, 10441), (1, 6545001), (2, 6565001), (3, 6585001), (137, 10569)]
Flow 1_263 -- 0.0 -- 68000.0 -- [(306, 10481), (1, 6570001), (2, 6590001), (3, 6610001), (137, 10609)]
Flow 1_264 -- 0.0 -- 68000.0 -- [(306, 10521), (1, 6595001), (2, 6615001), (3, 6635001), (137, 10649)]
Flow 1_265 -- 0.0 -- 68000.0 -- [(306, 10561), (1, 6620001), (2, 6640001), (3, 6660001), (137, 10689)]
Flow 1_266 -- 0.0 -- 68000.0 -- [(306, 10601), (1, 6645001), (2, 6665001), (3, 6685001), (137, 10729)]
Flow 1_267 -- 0.0 -- 68000.0 -- [(306, 10641), (1, 6670001), (2, 6690001), (3, 6710001), (137, 10769)]
Flow 1_268 -- 0.0 -- 68000.0 -- [(306, 10681), (1, 6695001), (2, 6715001), (3, 6735001), (137, 10809)]
Flow 1_269 -- 0.0 -- 68000.0 -- [(306, 10721), (1, 6720001), (2, 6740001), (3, 6760001), (137, 10849)]
Flow 1_270 -- 0.0 -- 68000.0 -- [(306, 10761), (1, 6745001), (2, 6765001), (3, 6785001), (137, 10889)]
Flow 1_271 -- 0.0 -- 68000.0 -- [(306, 10801), (1, 6770001), (2, 6790001), (3, 6810001), (137, 10929)]
Flow 1_272 -- 0.0 -- 68000.0 -- [(306, 10841), (1, 6795001), (2, 6815001), (3, 6835001), (137, 10969)]
Flow 1_273 -- 0.0 -- 68000.0 -- [(306, 10881), (1, 6820001), (2, 6840001), (3, 6860001), (137, 11009)]
Flow 1_274 -- 0.0 -- 68000.0 -- [(306, 10921), (1, 6845001), (2, 6865001), (3, 6885001), (137, 11049)]
Flow 1_275 -- 0.0 -- 68000.0 -- [(306, 10961), (1, 6870001), (2, 6890001), (3, 6910001), (137, 11089)]
Flow 1_276 -- 0.0 -- 68000.0 -- [(306, 11001), (1, 6895001), (2, 6915001), (3, 6935001), (137, 11129)]
Flow 1_277 -- 0.0 -- 68000.0 -- [(306, 11041), (1, 6920001), (2, 6940001), (3, 6960001), (137, 11169)]
Flow 1_278 -- 0.0 -- 68000.0 -- [(306, 11081), (1, 6945001), (2, 6965001), (3, 6985001), (137, 11209)]
Flow 1_279 -- 0.0 -- 68000.0 -- [(306, 11121), (1, 6970001), (2, 6990001), (3, 7010001), (137, 11249)]
Flow 1_280 -- 0.0 -- 68000.0 -- [(306, 11161), (1, 6995001), (2, 7015001), (3, 7035001), (137, 11289)]
Flow 1_281 -- 0.0 -- 68000.0 -- [(306, 11201), (1, 7020001), (2, 7040001), (3, 7060001), (137, 11329)]
Flow 1_282 -- 0.0 -- 68000.0 -- [(306, 11241), (1, 7045001), (2, 7065001), (3, 7085001), (137, 11369)]
Flow 1_283 -- 0.0 -- 68000.0 -- [(306, 11281), (1, 7070001), (2, 7090001), (3, 7110001), (137, 11409)]
Flow 1_284 -- 0.0 -- 68000.0 -- [(306, 11321), (1, 7095001), (2, 7115001), (3, 7135001), (137, 11449)]
Flow 1_285 -- 0.0 -- 68000.0 -- [(306, 11361), (1, 7120001), (2, 7140001), (3, 7160001), (137, 11489)]
Flow 1_286 -- 0.0 -- 68000.0 -- [(306, 11401), (1, 7145001), (2, 7165001), (3, 7185001), (137, 11529)]
Flow 1_287 -- 0.0 -- 68000.0 -- [(306, 11441), (1, 7170001), (2, 7190001), (3, 7210001), (137, 11569)]
Flow 1_288 -- 0.0 -- 68000.0 -- [(306, 11481), (1, 7195001), (2, 7215001), (3, 7235001), (137, 11609)]
Flow 1_289 -- 0.0 -- 68000.0 -- [(306, 11521), (1, 7220001), (2, 7240001), (3, 7260001), (137, 11649)]
Flow 1_290 -- 0.0 -- 68000.0 -- [(306, 11561), (1, 7245001), (2, 7265001), (3, 7285001), (137, 11689)]
Flow 1_291 -- 0.0 -- 68000.0 -- [(306, 11601), (1, 7270001), (2, 7290001), (3, 7310001), (137, 11729)]
Flow 1_292 -- 0.0 -- 68000.0 -- [(306, 11641), (1, 7295001), (2, 7315001), (3, 7335001), (137, 11769)]
Flow 1_293 -- 0.0 -- 68000.0 -- [(306, 11681), (1, 7320001), (2, 7340001), (3, 7360001), (137, 11809)]
Flow 1_294 -- 0.0 -- 68000.0 -- [(306, 11721), (1, 7345001), (2, 7365001), (3, 7385001), (137, 11849)]
Flow 1_295 -- 0.0 -- 68000.0 -- [(306, 11761), (1, 7370001), (2, 7390001), (3, 7410001), (137, 11889)]
Flow 1_296 -- 0.0 -- 68000.0 -- [(306, 11801), (1, 7395001), (2, 7415001), (3, 7435001), (137, 11929)]
Flow 1_297 -- 0.0 -- 68000.0 -- [(306, 11841), (1, 7420001), (2, 7440001), (3, 7460001), (137, 11969)]
Flow 1_298 -- 0.0 -- 68000.0 -- [(306, 11881), (1, 7445001), (2, 7465001), (3, 7485001), (137, 12009)]
Flow 1_299 -- 0.0 -- 68000.0 -- [(306, 11921), (1, 7470001), (2, 7490001), (3, 7510001), (137, 12049)]
Flow 1_300 -- 0.0 -- 68000.0 -- [(306, 11961), (1, 7495001), (2, 7515001), (3, 7535001), (137, 12089)]
Flow 1_301 -- 0.0 -- 68000.0 -- [(306, 12001), (1, 7520001), (2, 7540001), (3, 7560001), (137, 12129)]
Flow 1_302 -- 0.0 -- 68000.0 -- [(306, 12041), (1, 7545001), (2, 7565001), (3, 7585001), (137, 12169)]
Flow 1_303 -- 0.0 -- 68000.0 -- [(306, 12081), (1, 7570001), (2, 7590001), (3, 7610001), (137, 12209)]
Flow 1_304 -- 0.0 -- 68000.0 -- [(306, 12121), (1, 7595001), (2, 7615001), (3, 7635001), (137, 12249)]
Flow 1_305 -- 0.0 -- 68000.0 -- [(306, 12161), (1, 7620001), (2, 7640001), (3, 7660001), (137, 12289)]
Flow 1_306 -- 0.0 -- 68000.0 -- [(306, 12201), (1, 7645001), (2, 7665001), (3, 7685001), (137, 12329)]
Flow 1_307 -- 0.0 -- 68000.0 -- [(306, 12241), (1, 7670001), (2, 7690001), (3, 7710001), (137, 12369)]
Flow 1_308 -- 0.0 -- 68000.0 -- [(306, 12281), (1, 7695001), (2, 7715001), (3, 7735001), (137, 12409)]
Flow 1_309 -- 0.0 -- 68000.0 -- [(306, 12321), (1, 7720001), (2, 7740001), (3, 7760001), (137, 12449)]
Flow 1_310 -- 0.0 -- 68000.0 -- [(306, 12361), (1, 7745001), (2, 7765001), (3, 7785001), (137, 12489)]
Flow 1_311 -- 0.0 -- 68000.0 -- [(306, 12401), (1, 7770001), (2, 7790001), (3, 7810001), (137, 12529)]
Flow 1_312 -- 0.0 -- 68000.0 -- [(306, 12441), (1, 7795001), (2, 7815001), (3, 7835001), (137, 12569)]
Flow 1_313 -- 0.0 -- 68000.0 -- [(306, 12481), (1, 7820001), (2, 7840001), (3, 7860001), (137, 12609)]
Flow 1_314 -- 0.0 -- 68000.0 -- [(306, 12521), (1, 7845001), (2, 7865001), (3, 7885001), (137, 12649)]
Flow 1_315 -- 0.0 -- 68000.0 -- [(306, 12561), (1, 7870001), (2, 7890001), (3, 7910001), (137, 12689)]
Flow 1_316 -- 0.0 -- 68000.0 -- [(306, 12601), (1, 7895001), (2, 7915001), (3, 7935001), (137, 12729)]
Flow 1_317 -- 0.0 -- 68000.0 -- [(306, 12641), (1, 7920001), (2, 7940001), (3, 7960001), (137, 12769)]
Flow 1_318 -- 0.0 -- 68000.0 -- [(306, 12681), (1, 7945001), (2, 7965001), (3, 7985001), (137, 12809)]
Flow 1_319 -- 0.0 -- 68000.0 -- [(306, 12721), (1, 7970001), (2, 7990001), (3, 8010001), (137, 12849)]
Flow 1_320 -- 0.0 -- 68000.0 -- [(306, 12761), (1, 7995001), (2, 8015001), (3, 8035001), (137, 12889)]
Flow 1_321 -- 0.0 -- 68000.0 -- [(306, 12801), (1, 8020001), (2, 8040001), (3, 8060001), (137, 12929)]
Flow 1_322 -- 0.0 -- 68000.0 -- [(306, 12841), (1, 8045001), (2, 8065001), (3, 8085001), (137, 12969)]
Flow 1_323 -- 0.0 -- 68000.0 -- [(306, 12881), (1, 8070001), (2, 8090001), (3, 8110001), (137, 13009)]
Flow 1_324 -- 0.0 -- 68000.0 -- [(306, 12921), (1, 8095001), (2, 8115001), (3, 8135001), (137, 13049)]
Flow 1_325 -- 0.0 -- 68000.0 -- [(306, 12961), (1, 8120001), (2, 8140001), (3, 8160001), (137, 13089)]
Flow 1_326 -- 0.0 -- 68000.0 -- [(306, 13001), (1, 8145001), (2, 8165001), (3, 8185001), (137, 13129)]
Flow 1_327 -- 0.0 -- 68000.0 -- [(306, 13041), (1, 8170001), (2, 8190001), (3, 8210001), (137, 13169)]
Flow 1_328 -- 0.0 -- 68000.0 -- [(306, 13081), (1, 8195001), (2, 8215001), (3, 8235001), (137, 13209)]
Flow 1_329 -- 0.0 -- 68000.0 -- [(306, 13121), (1, 8220001), (2, 8240001), (3, 8260001), (137, 13249)]
Flow 1_330 -- 0.0 -- 68000.0 -- [(306, 13161), (1, 8245001), (2, 8265001), (3, 8285001), (137, 13289)]
Flow 1_331 -- 0.0 -- 68000.0 -- [(306, 13201), (1, 8270001), (2, 8290001), (3, 8310001), (137, 13329)]
Flow 1_332 -- 0.0 -- 68000.0 -- [(306, 13241), (1, 8295001), (2, 8315001), (3, 8335001), (137, 13369)]
Flow 1_333 -- 0.0 -- 68000.0 -- [(306, 13281), (1, 8320001), (2, 8340001), (3, 8360001), (137, 13409)]
Flow 1_334 -- 0.0 -- 68000.0 -- [(306, 13321), (1, 8345001), (2, 8365001), (3, 8385001), (137, 13449)]
Flow 1_335 -- 0.0 -- 68000.0 -- [(306, 13361), (1, 8370001), (2, 8390001), (3, 8410001), (137, 13489)]
Flow 1_336 -- 0.0 -- 68000.0 -- [(306, 13401), (1, 8395001), (2, 8415001), (3, 8435001), (137, 13529)]
Flow 1_337 -- 0.0 -- 68000.0 -- [(306, 13441), (1, 8420001), (2, 8440001), (3, 8460001), (137, 13569)]
Flow 1_338 -- 0.0 -- 68000.0 -- [(306, 13481), (1, 8445001), (2, 8465001), (3, 8485001), (137, 13609)]
Flow 1_339 -- 0.0 -- 68000.0 -- [(306, 13521), (1, 8470001), (2, 8490001), (3, 8510001), (137, 13649)]
Flow 1_340 -- 0.0 -- 68000.0 -- [(306, 13561), (1, 8495001), (2, 8515001), (3, 8535001), (137, 13689)]
Flow 1_341 -- 0.0 -- 68000.0 -- [(306, 13601), (1, 8520001), (2, 8540001), (3, 8560001), (137, 13729)]
Flow 1_342 -- 0.0 -- 68000.0 -- [(306, 13641), (1, 8545001), (2, 8565001), (3, 8585001), (137, 13769)]
Flow 1_343 -- 0.0 -- 68000.0 -- [(306, 13681), (1, 8570001), (2, 8590001), (3, 8610001), (137, 13809)]
Flow 1_344 -- 0.0 -- 68000.0 -- [(306, 13721), (1, 8595001), (2, 8615001), (3, 8635001), (137, 13849)]
Flow 1_345 -- 0.0 -- 68000.0 -- [(306, 13761), (1, 8620001), (2, 8640001), (3, 8660001), (137, 13889)]
Flow 1_346 -- 0.0 -- 68000.0 -- [(306, 13801), (1, 8645001), (2, 8665001), (3, 8685001), (137, 13929)]
Flow 1_347 -- 0.0 -- 68000.0 -- [(306, 13841), (1, 8670001), (2, 8690001), (3, 8710001), (137, 13969)]
Flow 1_348 -- 0.0 -- 68000.0 -- [(306, 13881), (1, 8695001), (2, 8715001), (3, 8735001), (137, 14009)]
Flow 1_349 -- 0.0 -- 68000.0 -- [(306, 13921), (1, 8720001), (2, 8740001), (3, 8760001), (137, 14049)]
Flow 1_350 -- 0.0 -- 68000.0 -- [(306, 13961), (1, 8745001), (2, 8765001), (3, 8785001), (137, 14089)]
Flow 1_351 -- 0.0 -- 68000.0 -- [(306, 14001), (1, 8770001), (2, 8790001), (3, 8810001), (137, 14129)]
Flow 1_352 -- 0.0 -- 68000.0 -- [(306, 14041), (1, 8795001), (2, 8815001), (3, 8835001), (137, 14169)]
Flow 1_353 -- 0.0 -- 68000.0 -- [(306, 14081), (1, 8820001), (2, 8840001), (3, 8860001), (137, 14209)]
Flow 1_354 -- 0.0 -- 68000.0 -- [(306, 14121), (1, 8845001), (2, 8865001), (3, 8885001), (137, 14249)]
Flow 1_355 -- 0.0 -- 68000.0 -- [(306, 14161), (1, 8870001), (2, 8890001), (3, 8910001), (137, 14289)]
Flow 1_356 -- 0.0 -- 68000.0 -- [(306, 14201), (1, 8895001), (2, 8915001), (3, 8935001), (137, 14329)]
Flow 1_357 -- 0.0 -- 68000.0 -- [(306, 14241), (1, 8920001), (2, 8940001), (3, 8960001), (137, 14369)]
Flow 1_358 -- 0.0 -- 68000.0 -- [(306, 14281), (1, 8945001), (2, 8965001), (3, 8985001), (137, 14409)]
Flow 1_359 -- 0.0 -- 68000.0 -- [(306, 14321), (1, 8970001), (2, 8990001), (3, 9010001), (137, 14449)]
Flow 1_360 -- 0.0 -- 68000.0 -- [(306, 14361), (1, 8995001), (2, 9015001), (3, 9035001), (137, 14489)]
Flow 1_361 -- 0.0 -- 68000.0 -- [(306, 14401), (1, 9020001), (2, 9040001), (3, 9060001), (137, 14529)]
Flow 1_362 -- 0.0 -- 68000.0 -- [(306, 14441), (1, 9045001), (2, 9065001), (3, 9085001), (137, 14569)]
Flow 1_363 -- 0.0 -- 68000.0 -- [(306, 14481), (1, 9070001), (2, 9090001), (3, 9110001), (137, 14609)]
Flow 1_364 -- 0.0 -- 68000.0 -- [(306, 14521), (1, 9095001), (2, 9115001), (3, 9135001), (137, 14649)]
Flow 1_365 -- 0.0 -- 68000.0 -- [(306, 14561), (1, 9120001), (2, 9140001), (3, 9160001), (137, 14689)]
Flow 1_366 -- 0.0 -- 68000.0 -- [(306, 14601), (1, 9145001), (2, 9165001), (3, 9185001), (137, 14729)]
Flow 1_367 -- 0.0 -- 68000.0 -- [(306, 14641), (1, 9170001), (2, 9190001), (3, 9210001), (137, 14769)]
Flow 1_368 -- 0.0 -- 68000.0 -- [(306, 14681), (1, 9195001), (2, 9215001), (3, 9235001), (137, 14809)]
Flow 1_369 -- 0.0 -- 68000.0 -- [(306, 14721), (1, 9220001), (2, 9240001), (3, 9260001), (137, 14849)]
Flow 1_370 -- 0.0 -- 68000.0 -- [(306, 14761), (1, 9245001), (2, 9265001), (3, 9285001), (137, 14889)]
Flow 1_371 -- 0.0 -- 68000.0 -- [(306, 14801), (1, 9270001), (2, 9290001), (3, 9310001), (137, 14929)]
Flow 1_372 -- 0.0 -- 68000.0 -- [(306, 14841), (1, 9295001), (2, 9315001), (3, 9335001), (137, 14969)]
Flow 1_373 -- 0.0 -- 68000.0 -- [(306, 14881), (1, 9320001), (2, 9340001), (3, 9360001), (137, 15009)]
Flow 1_374 -- 0.0 -- 68000.0 -- [(306, 14921), (1, 9345001), (2, 9365001), (3, 9385001), (137, 15049)]
Flow 1_375 -- 0.0 -- 68000.0 -- [(306, 14961), (1, 9370001), (2, 9390001), (3, 9410001), (137, 15089)]
Flow 1_376 -- 0.0 -- 68000.0 -- [(306, 15001), (1, 9395001), (2, 9415001), (3, 9435001), (137, 15129)]
Flow 1_377 -- 0.0 -- 68000.0 -- [(306, 15041), (1, 9420001), (2, 9440001), (3, 9460001), (137, 15169)]
Flow 1_378 -- 0.0 -- 68000.0 -- [(306, 15081), (1, 9445001), (2, 9465001), (3, 9485001), (137, 15209)]
Flow 1_379 -- 0.0 -- 68000.0 -- [(306, 15121), (1, 9470001), (2, 9490001), (3, 9510001), (137, 15249)]
Flow 1_380 -- 0.0 -- 68000.0 -- [(306, 15161), (1, 9495001), (2, 9515001), (3, 9535001), (137, 15289)]
Flow 1_381 -- 0.0 -- 68000.0 -- [(306, 15201), (1, 9520001), (2, 9540001), (3, 9560001), (137, 15329)]
Flow 1_382 -- 0.0 -- 68000.0 -- [(306, 15241), (1, 9545001), (2, 9565001), (3, 9585001), (137, 15369)]
Flow 1_383 -- 0.0 -- 68000.0 -- [(306, 15281), (1, 9570001), (2, 9590001), (3, 9610001), (137, 15409)]
Flow 1_384 -- 0.0 -- 68000.0 -- [(306, 15321), (1, 9595001), (2, 9615001), (3, 9635001), (137, 15449)]
Flow 1_385 -- 0.0 -- 68000.0 -- [(306, 15361), (1, 9620001), (2, 9640001), (3, 9660001), (137, 15489)]
Flow 1_386 -- 0.0 -- 68000.0 -- [(306, 15401), (1, 9645001), (2, 9665001), (3, 9685001), (137, 15529)]
Flow 1_387 -- 0.0 -- 68000.0 -- [(306, 15441), (1, 9670001), (2, 9690001), (3, 9710001), (137, 15569)]
Flow 1_388 -- 0.0 -- 68000.0 -- [(306, 15481), (1, 9695001), (2, 9715001), (3, 9735001), (137, 15609)]
Flow 1_389 -- 0.0 -- 68000.0 -- [(306, 15521), (1, 9720001), (2, 9740001), (3, 9760001), (137, 15649)]
Flow 1_390 -- 0.0 -- 68000.0 -- [(306, 15561), (1, 9745001), (2, 9765001), (3, 9785001), (137, 15689)]
Flow 1_391 -- 0.0 -- 68000.0 -- [(306, 15601), (1, 9770001), (2, 9790001), (3, 9810001), (137, 15729)]
Flow 1_392 -- 0.0 -- 68000.0 -- [(306, 15641), (1, 9795001), (2, 9815001), (3, 9835001), (137, 15769)]
Flow 1_393 -- 0.0 -- 68000.0 -- [(306, 15681), (1, 9820001), (2, 9840001), (3, 9860001), (137, 15809)]
Flow 1_394 -- 0.0 -- 68000.0 -- [(306, 15721), (1, 9845001), (2, 9865001), (3, 9885001), (137, 15849)]
Flow 1_395 -- 0.0 -- 68000.0 -- [(306, 15761), (1, 9870001), (2, 9890001), (3, 9910001), (137, 15889)]
Flow 1_396 -- 0.0 -- 68000.0 -- [(306, 15801), (1, 9895001), (2, 9915001), (3, 9935001), (137, 15929)]
Flow 1_397 -- 0.0 -- 68000.0 -- [(306, 15841), (1, 9920001), (2, 9940001), (3, 9960001), (137, 15969)]
Flow 1_398 -- 0.0 -- 68000.0 -- [(306, 15881), (1, 9945001), (2, 9965001), (3, 9985001), (137, 16009)]
Flow 1_399 -- 0.0 -- 68000.0 -- [(306, 15921), (1, 9970001), (2, 9990001), (3, 10010001), (137, 16049)]
Flow 1_400 -- 0.0 -- 68000.0 -- [(306, 15961), (1, 9995001), (2, 10015001), (3, 10035001), (137, 16089)]
Flow 1_401 -- 0.0 -- 68000.0 -- [(306, 16001), (1, 10020001), (2, 10040001), (3, 10060001), (137, 16129)]
Flow 1_402 -- 0.0 -- 68000.0 -- [(306, 16041), (1, 10045001), (2, 10065001), (3, 10085001), (137, 16169)]
Flow 1_403 -- 0.0 -- 68000.0 -- [(306, 16081), (1, 10070001), (2, 10090001), (3, 10110001), (137, 16209)]
Flow 1_404 -- 0.0 -- 68000.0 -- [(306, 16121), (1, 10095001), (2, 10115001), (3, 10135001), (137, 16249)]
Flow 1_405 -- 0.0 -- 68000.0 -- [(306, 16161), (1, 10120001), (2, 10140001), (3, 10160001), (137, 16289)]
Flow 1_406 -- 0.0 -- 68000.0 -- [(306, 16201), (1, 10145001), (2, 10165001), (3, 10185001), (137, 16329)]
Flow 1_407 -- 0.0 -- 68000.0 -- [(306, 16241), (1, 10170001), (2, 10190001), (3, 10210001), (137, 16369)]
Flow 1_408 -- 0.0 -- 68000.0 -- [(306, 16281), (1, 10195001), (2, 10215001), (3, 10235001), (137, 16409)]
Flow 1_409 -- 0.0 -- 68000.0 -- [(306, 16321), (1, 10220001), (2, 10240001), (3, 10260001), (137, 16449)]
Flow 1_410 -- 0.0 -- 68000.0 -- [(306, 16361), (1, 10245001), (2, 10265001), (3, 10285001), (137, 16489)]
Flow 1_411 -- 0.0 -- 68000.0 -- [(306, 16401), (1, 10270001), (2, 10290001), (3, 10310001), (137, 16529)]
Flow 1_412 -- 0.0 -- 68000.0 -- [(306, 16441), (1, 10295001), (2, 10315001), (3, 10335001), (137, 16569)]
Flow 1_413 -- 0.0 -- 68000.0 -- [(306, 16481), (1, 10320001), (2, 10340001), (3, 10360001), (137, 16609)]
Flow 1_414 -- 0.0 -- 68000.0 -- [(306, 16521), (1, 10345001), (2, 10365001), (3, 10385001), (137, 16649)]
Flow 1_415 -- 0.0 -- 68000.0 -- [(306, 16561), (1, 10370001), (2, 10390001), (3, 10410001), (137, 16689)]
Flow 1_416 -- 0.0 -- 68000.0 -- [(306, 16601), (1, 10395001), (2, 10415001), (3, 10435001), (137, 16729)]
Flow 1_417 -- 0.0 -- 68000.0 -- [(306, 16641), (1, 10420001), (2, 10440001), (3, 10460001), (137, 16769)]
Flow 1_418 -- 0.0 -- 68000.0 -- [(306, 16681), (1, 10445001), (2, 10465001), (3, 10485001), (137, 16809)]
Flow 1_419 -- 0.0 -- 68000.0 -- [(306, 16721), (1, 10470001), (2, 10490001), (3, 10510001), (137, 16849)]
Flow 1_420 -- 0.0 -- 68000.0 -- [(306, 16761), (1, 10495001), (2, 10515001), (3, 10535001), (137, 16889)]
Flow 1_421 -- 0.0 -- 68000.0 -- [(306, 16801), (1, 10520001), (2, 10540001), (3, 10560001), (137, 16929)]
Flow 1_422 -- 0.0 -- 68000.0 -- [(306, 16841), (1, 10545001), (2, 10565001), (3, 10585001), (137, 16969)]
Flow 1_423 -- 0.0 -- 68000.0 -- [(306, 16881), (1, 10570001), (2, 10590001), (3, 10610001), (137, 17009)]
Flow 1_424 -- 0.0 -- 68000.0 -- [(306, 16921), (1, 10595001), (2, 10615001), (3, 10635001), (137, 17049)]
Flow 1_425 -- 0.0 -- 68000.0 -- [(306, 16961), (1, 10620001), (2, 10640001), (3, 10660001), (137, 17089)]
Flow 1_426 -- 0.0 -- 68000.0 -- [(306, 17001), (1, 10645001), (2, 10665001), (3, 10685001), (137, 17129)]
Flow 1_427 -- 0.0 -- 68000.0 -- [(306, 17041), (1, 10670001), (2, 10690001), (3, 10710001), (137, 17169)]
Flow 1_428 -- 0.0 -- 68000.0 -- [(306, 17081), (1, 10695001), (2, 10715001), (3, 10735001), (137, 17209)]
Flow 1_429 -- 0.0 -- 68000.0 -- [(306, 17121), (1, 10720001), (2, 10740001), (3, 10760001), (137, 17249)]
Flow 1_430 -- 0.0 -- 68000.0 -- [(306, 17161), (1, 10745001), (2, 10765001), (3, 10785001), (137, 17289)]
Flow 1_431 -- 0.0 -- 68000.0 -- [(306, 17201), (1, 10770001), (2, 10790001), (3, 10810001), (137, 17329)]
Flow 1_432 -- 0.0 -- 68000.0 -- [(306, 17241), (1, 10795001), (2, 10815001), (3, 10835001), (137, 17369)]
Flow 1_433 -- 0.0 -- 68000.0 -- [(306, 17281), (1, 10820001), (2, 10840001), (3, 10860001), (137, 17409)]
Flow 1_434 -- 0.0 -- 68000.0 -- [(306, 17321), (1, 10845001), (2, 10865001), (3, 10885001), (137, 17449)]
Flow 1_435 -- 0.0 -- 68000.0 -- [(306, 17361), (1, 10870001), (2, 10890001), (3, 10910001), (137, 17489)]
Flow 1_436 -- 0.0 -- 68000.0 -- [(306, 17401), (1, 10895001), (2, 10915001), (3, 10935001), (137, 17529)]
Flow 1_437 -- 0.0 -- 68000.0 -- [(306, 17441), (1, 10920001), (2, 10940001), (3, 10960001), (137, 17569)]
Flow 1_438 -- 0.0 -- 68000.0 -- [(306, 17481), (1, 10945001), (2, 10965001), (3, 10985001), (137, 17609)]
Flow 1_439 -- 0.0 -- 68000.0 -- [(306, 17521), (1, 10970001), (2, 10990001), (3, 11010001), (137, 17649)]
Flow 1_440 -- 0.0 -- 68000.0 -- [(306, 17561), (1, 10995001), (2, 11015001), (3, 11035001), (137, 17689)]
Flow 1_441 -- 0.0 -- 68000.0 -- [(306, 17601), (1, 11020001), (2, 11040001), (3, 11060001), (137, 17729)]
Flow 1_442 -- 0.0 -- 68000.0 -- [(306, 17641), (1, 11045001), (2, 11065001), (3, 11085001), (137, 17769)]
Flow 1_443 -- 0.0 -- 68000.0 -- [(306, 17681), (1, 11070001), (2, 11090001), (3, 11110001), (137, 17809)]
Flow 1_444 -- 0.0 -- 68000.0 -- [(306, 17721), (1, 11095001), (2, 11115001), (3, 11135001), (137, 17849)]
Flow 1_445 -- 0.0 -- 68000.0 -- [(306, 17761), (1, 11120001), (2, 11140001), (3, 11160001), (137, 17889)]
Flow 1_446 -- 0.0 -- 68000.0 -- [(306, 17801), (1, 11145001), (2, 11165001), (3, 11185001), (137, 17929)]
Flow 1_447 -- 0.0 -- 68000.0 -- [(306, 17841), (1, 11170001), (2, 11190001), (3, 11210001), (137, 17969)]
Flow 1_448 -- 0.0 -- 68000.0 -- [(306, 17881), (1, 11195001), (2, 11215001), (3, 11235001), (137, 18009)]
Flow 1_449 -- 0.0 -- 68000.0 -- [(306, 17921), (1, 11220001), (2, 11240001), (3, 11260001), (137, 18049)]
Flow 1_450 -- 0.0 -- 68000.0 -- [(306, 17961), (1, 11245001), (2, 11265001), (3, 11285001), (137, 18089)]
Flow 1_451 -- 0.0 -- 68000.0 -- [(306, 18001), (1, 11270001), (2, 11290001), (3, 11310001), (137, 18129)]
Flow 1_452 -- 0.0 -- 68000.0 -- [(306, 18041), (1, 11295001), (2, 11315001), (3, 11335001), (137, 18169)]
Flow 1_453 -- 0.0 -- 68000.0 -- [(306, 18081), (1, 11320001), (2, 11340001), (3, 11360001), (137, 18209)]
Flow 1_454 -- 0.0 -- 68000.0 -- [(306, 18121), (1, 11345001), (2, 11365001), (3, 11385001), (137, 18249)]
Flow 1_455 -- 0.0 -- 68000.0 -- [(306, 18161), (1, 11370001), (2, 11390001), (3, 11410001), (137, 18289)]
Flow 1_456 -- 0.0 -- 68000.0 -- [(306, 18201), (1, 11395001), (2, 11415001), (3, 11435001), (137, 18329)]
Flow 1_457 -- 0.0 -- 68000.0 -- [(306, 18241), (1, 11420001), (2, 11440001), (3, 11460001), (137, 18369)]
Flow 1_458 -- 0.0 -- 68000.0 -- [(306, 18281), (1, 11445001), (2, 11465001), (3, 11485001), (137, 18409)]
Flow 1_459 -- 0.0 -- 68000.0 -- [(306, 18321), (1, 11470001), (2, 11490001), (3, 11510001), (137, 18449)]
Flow 1_460 -- 0.0 -- 68000.0 -- [(306, 18361), (1, 11495001), (2, 11515001), (3, 11535001), (137, 18489)]
Flow 1_461 -- 0.0 -- 68000.0 -- [(306, 18401), (1, 11520001), (2, 11540001), (3, 11560001), (137, 18529)]
Flow 1_462 -- 0.0 -- 68000.0 -- [(306, 18441), (1, 11545001), (2, 11565001), (3, 11585001), (137, 18569)]
Flow 1_463 -- 0.0 -- 68000.0 -- [(306, 18481), (1, 11570001), (2, 11590001), (3, 11610001), (137, 18609)]
Flow 1_464 -- 0.0 -- 68000.0 -- [(306, 18521), (1, 11595001), (2, 11615001), (3, 11635001), (137, 18649)]
Flow 1_465 -- 0.0 -- 68000.0 -- [(306, 18561), (1, 11620001), (2, 11640001), (3, 11660001), (137, 18689)]
Flow 1_466 -- 0.0 -- 68000.0 -- [(306, 18601), (1, 11645001), (2, 11665001), (3, 11685001), (137, 18729)]
Flow 1_467 -- 0.0 -- 68000.0 -- [(306, 18641), (1, 11670001), (2, 11690001), (3, 11710001), (137, 18769)]
Flow 1_468 -- 0.0 -- 68000.0 -- [(306, 18681), (1, 11695001), (2, 11715001), (3, 11735001), (137, 18809)]
Flow 1_469 -- 0.0 -- 68000.0 -- [(306, 18721), (1, 11720001), (2, 11740001), (3, 11760001), (137, 18849)]
Flow 1_470 -- 0.0 -- 68000.0 -- [(306, 18761), (1, 11745001), (2, 11765001), (3, 11785001), (137, 18889)]
Flow 1_471 -- 0.0 -- 68000.0 -- [(306, 18801), (1, 11770001), (2, 11790001), (3, 11810001), (137, 18929)]
Flow 1_472 -- 0.0 -- 68000.0 -- [(306, 18841), (1, 11795001), (2, 11815001), (3, 11835001), (137, 18969)]
Flow 1_473 -- 0.0 -- 68000.0 -- [(306, 18881), (1, 11820001), (2, 11840001), (3, 11860001), (137, 19009)]
Flow 1_474 -- 0.0 -- 68000.0 -- [(306, 18921), (1, 11845001), (2, 11865001), (3, 11885001), (137, 19049)]
Flow 1_475 -- 0.0 -- 68000.0 -- [(306, 18961), (1, 11870001), (2, 11890001), (3, 11910001), (137, 19089)]
Flow 1_476 -- 0.0 -- 68000.0 -- [(306, 19001), (1, 11895001), (2, 11915001), (3, 11935001), (137, 19129)]
Flow 1_477 -- 0.0 -- 68000.0 -- [(306, 19041), (1, 11920001), (2, 11940001), (3, 11960001), (137, 19169)]
Flow 1_478 -- 0.0 -- 68000.0 -- [(306, 19081), (1, 11945001), (2, 11965001), (3, 11985001), (137, 19209)]
Flow 1_479 -- 0.0 -- 68000.0 -- [(306, 19121), (1, 11970001), (2, 11990001), (3, 12010001), (137, 19249)]
Flow 1_480 -- 0.0 -- 68000.0 -- [(306, 19161), (1, 11995001), (2, 12015001), (3, 12035001), (137, 19289)]
Flow 1_481 -- 0.0 -- 68000.0 -- [(306, 19201), (1, 12020001), (2, 12040001), (3, 12060001), (137, 19329)]
Flow 1_482 -- 0.0 -- 68000.0 -- [(306, 19241), (1, 12045001), (2, 12065001), (3, 12085001), (137, 19369)]
Flow 1_483 -- 0.0 -- 68000.0 -- [(306, 19281), (1, 12070001), (2, 12090001), (3, 12110001), (137, 19409)]
Flow 1_484 -- 0.0 -- 68000.0 -- [(306, 19321), (1, 12095001), (2, 12115001), (3, 12135001), (137, 19449)]
Flow 1_485 -- 0.0 -- 68000.0 -- [(306, 19361), (1, 12120001), (2, 12140001), (3, 12160001), (137, 19489)]
Flow 1_486 -- 0.0 -- 68000.0 -- [(306, 19401), (1, 12145001), (2, 12165001), (3, 12185001), (137, 19529)]
Flow 1_487 -- 0.0 -- 68000.0 -- [(306, 19441), (1, 12170001), (2, 12190001), (3, 12210001), (137, 19569)]
Flow 1_488 -- 0.0 -- 68000.0 -- [(306, 19481), (1, 12195001), (2, 12215001), (3, 12235001), (137, 19609)]
Flow 1_489 -- 0.0 -- 68000.0 -- [(306, 19521), (1, 12220001), (2, 12240001), (3, 12260001), (137, 19649)]
Flow 1_490 -- 0.0 -- 68000.0 -- [(306, 19561), (1, 12245001), (2, 12265001), (3, 12285001), (137, 19689)]
Flow 1_491 -- 0.0 -- 68000.0 -- [(306, 19601), (1, 12270001), (2, 12290001), (3, 12310001), (137, 19729)]
Flow 1_492 -- 0.0 -- 68000.0 -- [(306, 19641), (1, 12295001), (2, 12315001), (3, 12335001), (137, 19769)]
Flow 1_493 -- 0.0 -- 68000.0 -- [(306, 19681), (1, 12320001), (2, 12340001), (3, 12360001), (137, 19809)]
Flow 1_494 -- 0.0 -- 68000.0 -- [(306, 19721), (1, 12345001), (2, 12365001), (3, 12385001), (137, 19849)]
Flow 1_495 -- 0.0 -- 68000.0 -- [(306, 19761), (1, 12370001), (2, 12390001), (3, 12410001), (137, 19889)]
Flow 1_496 -- 0.0 -- 68000.0 -- [(306, 19801), (1, 12395001), (2, 12415001), (3, 12435001), (137, 19929)]
Flow 1_497 -- 0.0 -- 68000.0 -- [(306, 19841), (1, 12420001), (2, 12440001), (3, 12460001), (137, 19969)]
Flow 1_498 -- 4000.0 -- 64000.0 -- [(306, 19881), (1, 12445001), (2, 12465001), (3, 12485001), (137, 1)]
Flow 1_499 -- 4000.0 -- 60000.0 -- [(306, 19921), (1, 12470001), (2, 12490001), (3, 1), (137, 33)]
Flow 1_500 -- 4000.0 -- 56000.0 -- [(306, 19961), (1, 12495001), (2, 1), (3, 20001), (137, 65)]
